id,composition,Eg,V0,V1,V2,V3,V4,V5,V6,V7,V8,V9,V10,V11,V12,V13,V14,V15,V16,V17,V18,V19,V20,V21,V22,V23,V24,V25,V26,V27,V28,V29,V30,V31,V32,V33,V34,V35,V36,V37,V38,V39,V40,V41,V42,V43,V44,V45,V46,V47,V48,V49,V50,V51,V52,V53,V54,V55,V56,V57,V58,V59,V60,V61,V62,V63,V64,V65,V66,V67,V68,V69,V70,V71,V72,V73,V74,V75,V76,V77,V78,V79,V80,V81,V82,V83,V84,V85,V86,V87,V88,V89,V90,V91,V92,V93,V94,V95,V96,V97,V98,V99,V100,V101,V102,V103,V104,V105,V106,V107,V108,V109,V110,V111,V112,V113,V114,V115,V116,V117,V118,V119,V120,V121,V122,V123,V124,V125,V126,V127
mp-1006880,BiB,0.07979999999999965,0.620603621006012,-1.059635877609253,-0.4066462814807892,-0.4811250865459442,-1.7748851776123047,-1.1675633192062378,-2.348912477493286,-0.7436952590942383,0.39732247591018677,-3.221275568008423,0.15854445099830627,0.06424327194690704,1.7039138078689575,-0.2260749340057373,3.1109299659729004,1.7068761587142944,0.7525044083595276,1.3506907224655151,-0.9005119204521179,-0.06789432466030121,-0.8469000458717346,-2.020709991455078,1.1879322528839111,-2.1155261993408203,2.4166605472564697,0.26989981532096863,-0.9118198752403259,-0.48431456089019775,-0.3938673734664917,0.326113224029541,-1.2563048601150513,-1.9755092859268188,1.43915855884552,1.5830872058868408,0.0750075951218605,0.20838283002376556,0.7256585955619812,-1.8311721086502075,0.4838295876979828,1.660989761352539,0.008102897554636002,1.8557279109954834,2.16483736038208,-0.2995111644268036,-0.48355647921562195,-0.7891178727149963,0.3389761447906494,2.0173895359039307,-2.6572389602661133,0.34993183612823486,-1.0569156408309937,1.1032518148422241,-0.4589034914970398,0.9336503148078918,-1.3462529182434082,0.8834865689277649,-0.6079725027084351,-1.7550565004348755,-1.8067097663879395,-1.2600038051605225,-2.222557783126831,-0.39786744117736816,0.4762303829193115,0.20268599689006805,-1.563334584236145,-0.5539810657501221,1.9068862199783325,-2.0114188194274902,-0.07168785482645035,0.46521490812301636,0.062369342893362045,0.7477797269821167,3.0371387004852295,-0.042135342955589294,0.5488814115524292,0.4815487563610077,-1.0250989198684692,-1.235008716583252,1.1120511293411255,-1.3264763355255127,-0.1190156415104866,-1.6773557662963867,1.6645691394805908,-2.0586094856262207,0.2636074423789978,0.18764051795005798,1.186732530593872,0.2645081877708435,-1.0691397190093994,2.231135368347168,-0.9260702133178711,1.9133473634719849,1.6244726181030273,-1.070252537727356,1.2807151079177856,-0.935983419418335,-0.4012409746646881,2.8756585121154785,1.2307528257369995,-1.2251546382904053,-0.7036537528038025,-2.9382076263427734,0.46244606375694275,0.10830283164978027,0.8250769376754761,1.5850598812103271,-0.17067497968673706,-0.725525438785553,-1.52986478805542,0.5343403220176697,0.6878257989883423,2.4285032749176025,2.1231768131256104,0.3541375398635864,0.6599942445755005,-0.5817654132843018,0.6237474083900452,0.3127976357936859,-0.7969280481338501,-1.5309265851974487,0.8222174048423767,1.9857012033462524,-0.5728513598442078,-1.117419958114624,-2.590644121170044,-2.0167810916900635,-0.6387234330177307,-0.3484186828136444
mp-1209319,SnP2O9,0.024500000000000025,-1.4959779977798462,2.5546376705169678,-0.8539385795593262,-0.712853729724884,0.38816970586776733,-3.365349054336548,1.312450885772705,-2.0785071849823,-0.6375972032546997,1.7398179769515991,-0.6451435089111328,0.15467841923236847,0.49245524406433105,2.5762250423431396,2.184868812561035,1.812098741531372,-1.137420892715454,-0.6056006550788879,0.5768831968307495,-1.0435394048690796,0.5503759980201721,-0.7416688203811646,-1.676056981086731,0.2342812418937683,-0.29274770617485046,-0.5553371906280518,0.5474048852920532,0.6560497879981995,-0.7955597639083862,-1.7544671297073364,0.930869996547699,-0.6652231812477112,0.7071887850761414,-0.5754983425140381,-0.4387829005718231,1.282016396522522,-0.5869203805923462,-1.8112179040908813,-0.23456454277038574,-3.1868722438812256,-0.5461258888244629,0.04617975652217865,2.2198500633239746,-1.2452064752578735,0.2652634084224701,-0.7202586531639099,0.1482238918542862,0.5207404494285583,0.0013944366946816444,-1.9952857494354248,-2.3998498916625977,0.3418404459953308,0.369314968585968,0.831991970539093,0.490123987197876,-0.29915449023246765,-0.05093257874250412,-0.02796686626970768,-0.02138110063970089,-0.7451511025428772,1.41615891456604,-1.2572513818740845,-2.1150364875793457,0.6175774335861206,-1.0334428548812866,0.717677652835846,0.8819170594215393,0.14064353704452515,0.8936392068862915,0.7443534731864929,0.5204474925994873,0.37021398544311523,2.603654623031616,1.9860079288482666,1.4465473890304565,0.3588489592075348,0.6446231603622437,-1.6591572761535645,-0.5824009776115417,0.17326845228672028,-0.49980056285858154,0.2102402150630951,1.4582891464233398,-1.0693215131759644,1.3775354623794556,-0.2035323977470398,-2.3747177124023438,0.22024109959602356,-1.3559460639953613,1.8208887577056885,0.06933677196502686,-0.8138895630836487,0.016531769186258316,0.5813376307487488,1.0437172651290894,-0.3040368854999542,-0.5309638381004333,1.3927253484725952,0.5255852937698364,-2.5619380474090576,-0.044708237051963806,0.5111820101737976,1.0038517713546753,0.329025000333786,0.7701573371887207,1.2733588218688965,1.9897009134292603,-0.9566758871078491,-0.6168379187583923,-1.164315104484558,-0.007603065110743046,0.5768964290618896,-0.27865925431251526,2.143620729446411,0.4974053204059601,0.8759011030197144,0.07268624752759933,1.2504867315292358,-0.9345196485519409,-0.06030523031949997,1.8062798976898193,0.06763606518507004,3.0559635162353516,0.6176197528839111,-1.6163885593414307,-1.0359771251678467,1.759352445602417,0.9561499357223511
mp-1070356,Rb2Te2Pd,0.5736000000000003,3.2153894901275635,2.1394596099853516,2.068544626235962,-1.0648442506790161,0.4166984260082245,-2.2322497367858887,-0.1275036334991455,-1.2835227251052856,0.5908723473548889,-0.8015085458755493,-1.5304934978485107,2.3309624195098877,1.3589489459991455,1.2164894342422485,-0.6847389340400696,-2.0959389209747314,-2.23732590675354,0.48883917927742004,-1.7085161209106445,-2.2689826488494873,-0.15566550195217133,-0.2495521903038025,2.569714307785034,-0.00011671800166368484,0.7776665091514587,-2.2024941444396973,1.7104445695877075,-1.6007819175720215,-1.1380774974822998,-0.9367788434028625,-0.6380025148391724,-2.1339073181152344,1.9804619550704956,0.07358784228563309,-0.8944488167762756,-0.4504745304584503,-0.6152212619781494,-0.03491697460412979,1.0048867464065552,0.24625903367996216,-0.43178293108940125,1.4859143495559692,-1.4929999113082886,0.7822620868682861,0.8868790864944458,-0.764564573764801,0.768065333366394,2.27663516998291,0.0953187495470047,0.953183650970459,-1.4833625555038452,-0.16396304965019226,1.7113977670669556,0.7113995552062988,0.8059117794036865,1.7556533813476562,-2.1976640224456787,-1.3393709659576416,-0.06361504644155502,2.497762680053711,-1.4322220087051392,0.8721069693565369,-0.27872949838638306,1.3483669757843018,-2.2849280834198,-0.1607610136270523,-0.8181554079055786,-0.8686957359313965,1.8852436542510986,0.11426133662462234,1.068865418434143,0.36819618940353394,1.3351703882217407,2.3109593391418457,0.7069522738456726,2.5279958248138428,-0.1985996961593628,-3.4908509254455566,-1.4454843997955322,2.0806169509887695,1.159041166305542,-0.49544158577919006,1.5869840383529663,0.08185272663831711,0.32433053851127625,-2.273001194000244,0.2257259041070938,0.4730018079280853,0.28377604484558105,-1.202305555343628,-1.5116162300109863,0.906337559223175,0.8224928379058838,-0.14878307282924652,-1.3281387090682983,-1.1267064809799194,1.1319248676300049,2.5539944171905518,-0.5363116264343262,-1.9570655822753906,2.2958014011383057,-2.7820029258728027,-0.8583436608314514,-0.04590737447142601,1.4854209423065186,1.1728562116622925,1.6739938259124756,-1.2650104761123657,-0.6266240477561951,-1.8504873514175415,-0.46633800864219666,0.6444008350372314,-0.5616483092308044,-0.11947154998779297,1.6806634664535522,1.7118240594863892,0.4921674430370331,-1.7212005853652954,0.5838278532028198,-2.342365026473999,-1.309460997581482,-3.2978811264038086,1.3163938522338867,0.8574990034103394,2.1014058589935303,-0.40992286801338196,2.031414747238159,-1.070809245109558
mp-1245312,V2O5,0.8909,3.427628517150879,1.3557746410369873,0.6275085210800171,-3.6854734420776367,2.8295319080352783,1.1461938619613647,-1.9184914827346802,1.0757148265838623,-0.2034393548965454,0.9123764038085938,-1.7032485008239746,-1.5293394327163696,0.7467900514602661,0.6673357486724854,-0.11477364599704742,1.02631413936615,0.674119234085083,-0.5658586621284485,0.5542309880256653,-3.357089042663574,0.38243627548217773,-1.0482906103134155,-3.058332920074463,1.2932027578353882,-0.04207342490553856,-2.54372239112854,-0.6204788684844971,1.0290790796279907,0.7740921378135681,-1.934255838394165,-2.022313117980957,-0.3212796449661255,1.2950209379196167,0.5460100173950195,-0.04289781302213669,3.053039789199829,-1.4204699993133545,0.8352199792861938,-2.075568914413452,-0.20531000196933746,-2.6214611530303955,2.6842660903930664,0.17136825621128082,-0.33287301659584045,-0.7917842864990234,1.1322624683380127,0.802511990070343,-0.6794532537460327,-1.2702096700668335,-2.2361652851104736,-0.23028676211833954,1.1972178220748901,0.21626797318458557,2.2711246013641357,-0.5157700777053833,1.0319548845291138,0.3575025796890259,1.8245463371276855,-0.022099098190665245,-1.1274595260620117,-1.2135142087936401,-0.7849486470222473,-1.1851332187652588,-0.04963669925928116,-0.612464427947998,0.43949249386787415,-2.1812548637390137,0.7842376232147217,2.5231266021728516,-0.6190841794013977,-1.302014946937561,1.456113338470459,1.058251142501831,-0.9249634742736816,1.0966649055480957,2.3711700439453125,-0.9180810451507568,0.3035505712032318,-0.6506591439247131,0.5928406715393066,1.4584267139434814,1.2645883560180664,-0.3015647232532501,-1.989675521850586,-0.8784856796264648,-0.6166059374809265,1.0228602886199951,-0.7209876179695129,-0.31441181898117065,-0.26127877831459045,-0.4338839650154114,1.3076568841934204,-1.1727169752120972,1.430517554283142,1.0843958854675293,-1.0335195064544678,1.2733372449874878,3.050075054168701,0.08129459619522095,-0.17676523327827454,-0.6627761721611023,-0.8648502230644226,-2.101226329803467,-0.23463678359985352,0.3495402932167053,-0.24630865454673767,0.9906587600708008,0.9992961883544922,-2.301889181137085,0.7377045154571533,0.5375807881355286,-1.7209442853927612,-2.230449914932251,-0.6548282504081726,0.19058722257614136,-0.5316188931465149,2.182518243789673,0.2536558508872986,-0.9825130701065063,-0.9930586814880371,0.13972848653793335,1.8582384586334229,-0.9729076027870178,-0.6982420682907104,-0.2314641773700714,-1.130929946899414,-0.36818206310272217,0.5374759435653687
mp-29657,NaGe,0.6651999999999998,0.7973296046257019,-0.9768742918968201,1.4172735214233398,-0.3205847144126892,0.46475380659103394,-1.0607248544692993,0.7216278910636902,-0.3082910180091858,-1.340516209602356,-0.1802060604095459,0.22683511674404144,0.9040721654891968,1.642977237701416,0.9279826283454895,1.0748966932296753,0.027936920523643494,-0.6944215893745422,1.2600276470184326,0.3823191821575165,-0.5669906735420227,-0.794485330581665,-0.21646985411643982,0.19545014202594757,-1.1620985269546509,-0.3811422288417816,-0.5479929447174072,-1.0148944854736328,0.852605402469635,-0.7585036158561707,-2.6661863327026367,-0.9851359724998474,1.009777545928955,0.9664197564125061,0.9373617172241211,-1.372959017753601,-0.10825926810503006,-0.5739006400108337,-1.188691258430481,-0.5815465450286865,-0.3279000520706177,-1.4482365846633911,0.22201167047023773,0.9129157662391663,-0.5545965433120728,-1.3629032373428345,-0.6850215792655945,0.7678822875022888,-0.0825534239411354,-0.788793683052063,-0.23352953791618347,-0.9854425191879272,0.45430755615234375,1.6981791257858276,0.32919731736183167,0.04101437330245972,0.5397809147834778,-0.7717713117599487,0.40879958868026733,-1.403098702430725,-0.21154357492923737,-1.2355570793151855,-0.17124229669570923,-1.2929432392120361,1.1139758825302124,0.6739932298660278,-2.0033745765686035,0.6584582328796387,-0.20580065250396729,-0.11146657913923264,-0.457379549741745,1.6902382373809814,-0.6210340261459351,-0.511454701423645,1.0671409368515015,0.12894853949546814,1.9807801246643066,1.372657299041748,-0.5375621318817139,-0.5319627523422241,0.8875782489776611,-0.08598649501800537,0.9857032895088196,1.450160264968872,-0.43905413150787354,1.5206218957901,-0.8628054857254028,-1.336909532546997,-0.25509893894195557,-0.5805020332336426,-0.478176087141037,0.3137301206588745,1.7519692182540894,1.105090856552124,1.3970534801483154,-0.2422846406698227,-1.6426842212677002,-0.5890092253684998,0.7078571915626526,0.3011159300804138,-0.3579860031604767,-0.05414026230573654,-0.5163521766662598,-0.9476263523101807,0.4880251884460449,-0.5209120512008667,1.0084997415542603,0.780219554901123,-1.2692415714263916,0.5567314028739929,0.3561675548553467,0.061799511313438416,0.8970292210578918,-0.24502447247505188,-0.1843351423740387,0.3922920823097229,-0.6951390504837036,0.14237891137599945,0.13741891086101532,-0.9014996290206909,-2.683056116104126,-0.3222285211086273,2.7757577896118164,1.2574224472045898,-1.304939866065979,-0.2407154142856598,-0.23315885663032532,0.8308010697364807,0.34835129976272583
mp-1001080,H2CO3,5.8876,1.384557843208313,-0.10723096877336502,-0.25767454504966736,1.2068467140197754,0.14184926450252533,0.02809332311153412,-2.1053707599639893,-0.5757308006286621,-0.42339619994163513,-2.246675968170166,-0.5930676460266113,-0.808368980884552,-0.2383742332458496,-0.32582515478134155,0.029612936079502106,-0.12175028026103973,-0.16986408829689026,0.264286071062088,-1.5101484060287476,-0.7595715522766113,-0.3239324688911438,-0.2087407410144806,-1.444462776184082,0.6187348365783691,1.413545846939087,-1.2760529518127441,-0.11384084820747375,-0.8221800923347473,-1.195953607559204,0.08520921319723129,-0.24014544486999512,-0.27946120500564575,1.9957245588302612,2.5068676471710205,-0.046967945992946625,1.9725195169448853,-0.6454952955245972,-1.3154927492141724,-0.8262478113174438,0.7338176965713501,-0.8091784715652466,0.19192089140415192,0.16524852812290192,1.0382275581359863,-1.446131706237793,-0.22522102296352386,0.6403775215148926,1.8742599487304688,-0.2887967526912689,0.49475276470184326,-0.01055124681442976,0.15186260640621185,-0.08535302430391312,0.5016282200813293,0.273078978061676,-0.3679110109806061,-0.18688182532787323,-0.6496286988258362,0.05581873655319214,-1.4016218185424805,-0.5361588597297668,-1.4045685529708862,-2.0299007892608643,1.304233431816101,-0.44911056756973267,-0.8243134617805481,0.3831855058670044,-0.3697431981563568,0.4081324338912964,2.1501970291137695,1.9396787881851196,-1.6070983409881592,1.6551368236541748,0.43170231580734253,0.37460434436798096,-2.1277759075164795,-1.169490098953247,-0.568115234375,0.7236605286598206,1.3269374370574951,0.6138524413108826,-0.935000479221344,1.2478673458099365,-1.8380138874053955,0.23945100605487823,-0.5340043306350708,-0.6652286052703857,-0.19443240761756897,-1.1269001960754395,-0.6341954469680786,-0.5365433096885681,0.8502285480499268,-0.026922304183244705,-0.14422859251499176,1.5387762784957886,-1.276392936706543,-0.117751345038414,2.266649007797241,0.9148391485214233,-0.9646822214126587,-0.468534380197525,0.4061746895313263,-0.3373596668243408,-0.014418389648199081,0.08239565789699554,3.2013800144195557,1.2515076398849487,-0.8138436079025269,-0.6786795258522034,-1.6149601936340332,2.576577663421631,0.3968396484851837,1.0380609035491943,-0.23657318949699402,1.1870272159576416,-0.8924435973167419,0.12985992431640625,1.7733203172683716,-0.4756418466567993,-2.3112781047821045,0.3501054644584656,1.244712233543396,-0.29872769117355347,-0.6374825239181519,-1.1315279006958008,-0.36839428544044495,0.4449603855609894,-0.03575071692466736
mp-1181396,FeP3O11,2.2435,-1.2701979875564575,2.1214520931243896,1.408551812171936,-1.2717158794403076,0.4729171097278595,-3.210347890853882,-0.6440324187278748,-1.690974235534668,1.5592910051345825,0.9184249639511108,-1.155429482460022,-0.6097888946533203,0.6190836429595947,2.581448554992676,0.5846876502037048,1.02911376953125,0.07584308832883835,-0.14977121353149414,-0.004262940958142281,-1.6990381479263306,-2.403468608856201,-0.4165691137313843,0.5103702545166016,1.6643620729446411,-0.17772868275642395,1.4309253692626953,-1.0357218980789185,0.4078015089035034,0.365345299243927,-1.1641231775283813,-1.5600720643997192,1.4800666570663452,0.9054922461509705,-0.6875784397125244,0.8154063820838928,0.1805359274148941,0.14167644083499908,-0.7350448966026306,1.040145754814148,-3.0200629234313965,0.8569896221160889,-0.06019041687250137,-0.6252418756484985,-2.99637508392334,1.0901460647583008,-0.28957289457321167,0.8763120770454407,0.4497131407260895,-1.308059573173523,-2.717623233795166,-0.7254915237426758,0.2653607726097107,-0.9872452616691589,-0.08747130632400513,-0.029429910704493523,-2.0059897899627686,0.5217502117156982,-1.7447565793991089,-0.8074101209640503,-0.7646034955978394,0.11441973596811295,-0.20950856804847717,0.6645810604095459,-0.028808055445551872,-0.8539297580718994,0.12758716940879822,-0.9016904830932617,1.5777523517608643,-0.13601668179035187,0.939265787601471,0.6943036913871765,1.4013381004333496,1.616995096206665,0.546009361743927,1.6646004915237427,0.7626498341560364,0.030743811279535294,-1.2379398345947266,1.2522461414337158,-0.403476357460022,0.3496137261390686,-0.008148722350597382,1.3043919801712036,-1.3800058364868164,1.2342886924743652,-2.3400845527648926,-0.9182592630386353,-0.8146842122077942,-1.5651183128356934,0.17512072622776031,-0.34221506118774414,1.4283000230789185,-1.6523889303207397,2.0920116901397705,0.9047861099243164,-2.208491086959839,-0.26712456345558167,0.4684341251850128,-0.5738505125045776,-2.687082290649414,-1.0198421478271484,-0.5261898636817932,-0.01766599528491497,0.35632285475730896,0.2519642114639282,-0.025945737957954407,0.48952028155326843,-0.7233374118804932,-0.0448676198720932,-2.2509117126464844,0.7770923376083374,1.037261724472046,1.3399708271026611,-0.7673982977867126,-0.139685720205307,0.934568464756012,-0.9219769835472107,1.6613765954971313,0.9133318662643433,-1.0325818061828613,-0.030437394976615906,0.2615456283092499,3.147458076477051,1.2107783555984497,-0.9162379503250122,-2.258906602859497,3.5431621074676514,2.1019439697265625
mp-757781,LiSi2(BiO3)3,3.0624,-1.1124049425125122,1.4775123596191406,0.07510308176279068,1.1517078876495361,1.0469071865081787,-2.8760716915130615,-0.26459237933158875,-0.6796696186065674,-1.1168228387832642,0.8907492160797119,1.294039011001587,0.6836705207824707,0.12401305884122849,0.6904914379119873,3.306593894958496,4.955694198608398,-1.9618550539016724,1.8855234384536743,-0.28771665692329407,-0.03607978671789169,-0.961793065071106,-2.3700554370880127,-0.4839569330215454,-0.8902144432067871,4.0263800621032715,-0.002419736236333847,1.3045152425765991,-0.6637021899223328,-0.8053075075149536,-0.48995670676231384,-0.12406139075756073,-1.2105354070663452,-0.4258653521537781,0.7790193557739258,-1.328336477279663,4.079192161560059,2.3880679607391357,-2.8938028812408447,-1.3412398099899292,-0.7028845548629761,2.2160611152648926,-1.8039227724075317,0.5468143224716187,-1.5600786209106445,-0.9846121072769165,1.2147963047027588,0.3025344908237457,0.7479668259620667,-2.0926456451416016,-3.2193760871887207,-3.109762668609619,0.534045398235321,1.7033953666687012,0.5255805850028992,-0.16449284553527832,0.7781450152397156,-0.3719363808631897,-1.8430765867233276,0.38097232580184937,0.8649430871009827,-0.37689948081970215,-0.35674339532852173,0.8926171660423279,0.9713248014450073,-3.9445817470550537,2.376958131790161,2.7612202167510986,-3.3510382175445557,-2.126765727996826,2.0595576763153076,2.577484369277954,0.9832068085670471,2.2948362827301025,0.924791693687439,2.1726696491241455,0.3298977315425873,-0.1988263577222824,-1.2742332220077515,-0.003384506329894066,1.3966697454452515,0.2993793785572052,-0.48925966024398804,1.3105525970458984,0.029398372396826744,-0.12818534672260284,-1.3169422149658203,1.6366515159606934,0.9736754894256592,-2.1782946586608887,4.126910209655762,-1.571977972984314,-1.3773548603057861,-0.34213075041770935,-2.887712001800537,-0.16908206045627594,-1.1634411811828613,-1.135617733001709,2.7743990421295166,1.7692928314208984,-1.5153262615203857,1.1851037740707397,-0.03049502521753311,-1.180829405784607,-0.9212393760681152,-0.44336092472076416,1.2642314434051514,2.057644844055176,-0.40609803795814514,-1.5524652004241943,-0.47525036334991455,-0.41438546776771545,-0.3218482434749603,1.1583776473999023,3.0638701915740967,1.8660967350006104,-2.7044734954833984,-0.8530686497688293,0.3265296518802643,-1.7362767457962036,0.09598200768232346,-0.43403157591819763,2.5008459091186523,1.297476053237915,1.472456932067871,-2.437751054763794,-2.838040590286255,0.6975849270820618,-0.02843821793794632
mp-775178,LiFe2OF3,2.0694,1.05982506275177,-2.4921910762786865,-1.3497495651245117,0.8141680955886841,1.7115614414215088,2.112215757369995,-2.4172143936157227,0.07823178917169571,0.4222162365913391,-2.5499026775360107,-0.2552333176136017,-2.494089365005493,-1.5480477809906006,-0.7097256183624268,-0.8155038952827454,0.21206219494342804,-1.7037947177886963,1.6389788389205933,0.8098205327987671,-1.6616806983947754,0.009552721865475178,-2.6085827350616455,-1.8293445110321045,3.1774239540100098,0.16715958714485168,-1.6574493646621704,-1.356760025024414,0.170629620552063,-0.981671154499054,0.19771808385849,-0.07860513031482697,-0.6327189803123474,2.3528459072113037,2.3226003646850586,-0.1412738561630249,0.17950554192066193,-0.15312810242176056,-2.3897063732147217,-1.121556282043457,2.020082950592041,0.12948568165302277,0.16593466699123383,-1.3259931802749634,1.3070963621139526,-2.374009609222412,0.549515426158905,-0.7299424409866333,2.0342986583709717,-1.6533257961273193,0.24323399364948273,-1.1254980564117432,0.7884484529495239,1.1301982402801514,-0.12622100114822388,-0.05016624927520752,-2.418248414993286,1.2555736303329468,-0.3167092502117157,-0.238652303814888,-2.8088536262512207,1.216011881828308,0.6437943577766418,-2.225268602371216,1.1708711385726929,-0.6546496152877808,-0.16897092759609222,0.11223682016134262,-1.2319685220718384,1.01176118850708,3.260668992996216,2.5932934284210205,-2.977170705795288,1.651486873626709,-0.08191327750682831,2.698666572570801,-1.3726924657821655,-1.6471620798110962,-1.5101717710494995,0.5449801087379456,1.3960802555084229,1.9046335220336914,0.7552884221076965,2.2397255897521973,-1.648130178451538,0.5336446762084961,-0.560001790523529,-0.633945882320404,-1.1546657085418701,-2.7025203704833984,0.09591217339038849,0.292405366897583,1.5362404584884644,-0.48600271344184875,0.2902786135673523,-0.06262768059968948,-2.849748134613037,-1.1692262887954712,4.882104396820068,-0.7852023839950562,-0.796077311038971,0.38375309109687805,1.2059956789016724,-0.5211868286132812,-1.365368366241455,-0.6999067068099976,1.5761842727661133,-0.6883612871170044,-2.25862979888916,-1.094102382659912,-0.8038023114204407,1.817513346672058,0.8064853549003601,0.7695856690406799,-0.8405662178993225,2.2582523822784424,-2.117157220840454,-0.5546038746833801,1.3373020887374878,0.5380042791366577,-1.76072359085083,-0.6544747352600098,1.1817954778671265,-0.18514257669448853,2.084965944290161,0.22746790945529938,-1.006003737449646,0.9026837944984436,-1.29141104221344
mvc-6739,Ti(SiO3)2,4.0901,-0.03389580547809601,2.2615694999694824,0.8550535440444946,-3.3656363487243652,2.0437614917755127,-0.17062236368656158,-0.3038862645626068,-0.04338432475924492,-1.577153205871582,0.7722136974334717,-3.61367130279541,-0.22195114195346832,1.061353325843811,1.6647059917449951,0.6999733448028564,0.21802575886249542,0.5263548493385315,-0.596531331539154,-1.9187828302383423,-1.1113359928131104,-0.22889162600040436,0.02891475334763527,-2.1999402046203613,-1.1850082874298096,0.866294264793396,-1.7363312244415283,-0.32123541831970215,2.2453513145446777,-0.4872111976146698,-1.9447425603866577,-2.0035998821258545,-1.127281665802002,-0.45312756299972534,2.180926561355591,0.693519651889801,2.5425338745117188,-1.4201017618179321,-0.6049662232398987,-1.1388895511627197,-1.054504632949829,-1.6203235387802124,-0.3910105526447296,0.7407749891281128,-4.062124252319336,1.2026803493499756,0.2597290575504303,0.3354276716709137,-0.14515334367752075,-0.3360491693019867,-1.1207584142684937,-1.333332896232605,-0.38865572214126587,-0.05882883816957474,1.583207368850708,-0.8214081525802612,0.8832160234451294,-1.0615721940994263,-0.21260786056518555,-0.34348517656326294,0.05505073070526123,-0.8045538067817688,0.1481238305568695,-0.5378559231758118,0.6712124347686768,-0.3972718417644501,-0.3560185730457306,-0.2668611407279968,-0.8854179382324219,0.7797405123710632,0.49033913016319275,-0.7297210693359375,1.5796701908111572,0.46262553334236145,-0.20759333670139313,0.16898506879806519,1.174830436706543,-0.024518150836229324,-1.0328119993209839,0.16523687541484833,1.696138858795166,0.545394241809845,1.0344691276550293,-0.35068467259407043,-1.0056723356246948,-0.9703168869018555,-2.177624225616455,0.44782811403274536,0.5004103779792786,0.17364734411239624,0.6189534664154053,0.3895772099494934,-0.18303336203098297,-0.9343448877334595,1.2912194728851318,0.25756993889808655,0.6478073596954346,0.5789548754692078,-0.14495332539081573,2.0258970260620117,-1.8904916048049927,-1.3836743831634521,-0.9380882382392883,-1.1270136833190918,0.5147541761398315,0.9191715717315674,0.8219919204711914,1.2564616203308105,-0.3600904047489166,-1.9183038473129272,-0.5314527750015259,-0.5019283294677734,-0.8487099409103394,-1.9232840538024902,-0.0534534752368927,0.48511165380477905,-1.0982788801193237,0.3405389189720154,0.3217163383960724,-0.8828979730606079,-0.7167998552322388,-0.48906779289245605,1.852469801902771,2.2135097980499268,-0.581552267074585,-1.3930506706237793,-1.156383752822876,0.27833321690559387,1.1373987197875977
mp-1177552,Li3MnV(PO4)3,0.4960000000000002,0.4258430302143097,1.9857194423675537,0.5750972628593445,-3.6462364196777344,-0.2985665500164032,-3.1181185245513916,0.5874882340431213,2.4746320247650146,0.3750114440917969,-0.16841858625411987,-1.7788805961608887,-1.829016089439392,0.42656829953193665,0.5558327436447144,-0.660102367401123,-0.6237494349479675,0.5788060426712036,1.1823142766952515,-0.08767072856426239,-1.7129310369491577,-1.5155062675476074,0.3229547142982483,-3.655906915664673,5.688549041748047,-0.5481546521186829,0.08605580031871796,-1.1630687713623047,0.7180493474006653,2.3652114868164062,-0.7081090807914734,-3.2278735637664795,1.2904245853424072,1.1746395826339722,0.7478073835372925,1.7403782606124878,0.5704536437988281,0.12473626434803009,3.2649168968200684,0.8826329708099365,0.565926194190979,-0.03918067738413811,1.8814458847045898,-1.808302879333496,-4.894444465637207,0.5328234434127808,0.7236388325691223,-0.6725400686264038,-0.5183168649673462,-2.15605092048645,-5.044715881347656,-0.8933142423629761,-0.7805776596069336,-2.9549310207366943,2.601545810699463,2.3817591667175293,0.2514124810695648,0.5257693529129028,-4.372814655303955,-0.7355102300643921,-0.6972318291664124,-0.0924156904220581,-0.14098307490348816,-0.12388532608747482,-2.4022936820983887,-2.730051040649414,-1.4773786067962646,0.37309730052948,1.6699223518371582,0.5221501588821411,1.4140846729278564,-1.1593042612075806,1.2184631824493408,2.321584463119507,-2.889129161834717,2.4238381385803223,4.115086078643799,-1.007381558418274,-1.5559277534484863,-1.9972296953201294,2.1338846683502197,1.0844591856002808,0.15976616740226746,-0.9883333444595337,-0.9331193566322327,3.5705816745758057,-1.9761327505111694,-0.05141656845808029,0.9383898377418518,-1.742647647857666,-0.2999362647533417,-0.8167523741722107,0.4723331332206726,-1.3366156816482544,0.9895894527435303,0.5184345841407776,-5.681433200836182,-1.6490505933761597,1.4402328729629517,1.312355399131775,-3.8164901733398438,-2.9693024158477783,-3.151432514190674,-0.49113211035728455,0.1520821452140808,-0.7459144592285156,0.9548372030258179,0.9346517324447632,1.0001859664916992,1.0446369647979736,-3.0466723442077637,-0.26166078448295593,-0.4389129877090454,0.9481192827224731,-2.08966326713562,2.704660177230835,0.8553093075752258,0.5900847315788269,0.17096178233623505,1.2778443098068237,1.154151201248169,-0.3599204123020172,2.466649293899536,1.2186847925186157,-0.4544435143470764,-0.891728937625885,-2.5155081748962402,3.0570976734161377,2.9686083793640137
mp-752726,BaLa2O4,2.6914,-0.20124126970767975,-0.990672767162323,1.9029237031936646,-1.2034218311309814,1.6571851968765259,0.14516101777553558,-1.5628387928009033,-0.4221358001232147,0.3737962245941162,0.09094046801328659,-0.5487011075019836,-0.11427323520183563,0.9785323143005371,-0.8398823738098145,-0.43013429641723633,-0.14868076145648956,-1.021166443824768,1.2642147541046143,-0.07269519567489624,-1.1221991777420044,-0.8505851030349731,-0.7366265058517456,0.5948591828346252,-1.7368013858795166,1.8188425302505493,-2.971863031387329,-1.8967013359069824,0.6374409794807434,0.5642388463020325,-1.8603729009628296,-0.5151069164276123,-2.289499521255493,2.503795623779297,0.001977363135665655,-0.31821560859680176,2.886021137237549,-0.88011634349823,-0.48162782192230225,-1.8139374256134033,0.44354134798049927,-2.2284131050109863,0.9186078310012817,1.327650547027588,-1.7070245742797852,-1.8143484592437744,1.3789891004562378,1.343106985092163,0.13411591947078705,-0.9879220724105835,1.4300425052642822,-0.8330498933792114,1.2461059093475342,0.2733200192451477,0.4470283091068268,1.3000584840774536,-0.07268255203962326,0.8360158205032349,0.45171013474464417,-0.44241854548454285,-1.02074134349823,0.838578999042511,-0.26110777258872986,-0.7482162117958069,1.6958224773406982,-2.385256052017212,-0.39596155285835266,-0.012209301814436913,1.5208754539489746,-0.11436440050601959,-0.28453969955444336,-0.07734881341457367,-0.3407060205936432,1.2416633367538452,0.6957037448883057,0.6696465611457825,-2.1546123027801514,-1.1396360397338867,-1.2844780683517456,0.9456406235694885,1.4984203577041626,2.6755356788635254,0.2643578350543976,0.045397501438856125,-0.5176207423210144,0.02583034336566925,-0.7789912223815918,-0.7551220059394836,-0.6557653546333313,-1.5368142127990723,-1.9285707473754883,-0.3917318880558014,1.8331965208053589,-1.2286244630813599,2.6320672035217285,2.14448881149292,-1.6396949291229248,-0.8371036648750305,0.9150531888008118,0.48535990715026855,-1.3116247653961182,-2.1029257774353027,0.8053800463676453,-0.906583845615387,-1.8382925987243652,-0.44318562746047974,0.46680906414985657,1.0039268732070923,-1.0278998613357544,-0.7871267199516296,-2.0840771198272705,1.9899570941925049,0.4713097810745239,-1.5279890298843384,-1.0968977212905884,0.5115705132484436,-0.24071472883224487,0.5333201289176941,0.8065654635429382,-1.465879201889038,-0.5726460218429565,-0.14311367273330688,0.4541204273700714,0.554560661315918,1.0146182775497437,0.5446202158927917,0.34012940526008606,-2.4413564205169678,1.799535870552063
mp-1202239,BaH6C2SNO5,3.6067,0.6979506611824036,2.9953980445861816,0.29365283250808716,-2.3832669258117676,-0.0641857385635376,1.5140148401260376,-1.0595674514770508,-1.1128747463226318,-0.9947857856750488,-2.5245230197906494,-1.7898188829421997,0.9177311062812805,3.6016736030578613,-1.9082767963409424,1.1503981351852417,-0.04170047491788864,0.8205341100692749,0.7843732237815857,-1.4032751321792603,-1.7032514810562134,-1.4123027324676514,-1.5606752634048462,-3.0270700454711914,-0.19161903858184814,1.1503119468688965,-1.638826847076416,-0.8988755345344543,0.6281817555427551,-0.21575796604156494,-2.0296220779418945,0.3705194890499115,-0.6053488254547119,0.7739021182060242,-1.3017792701721191,-0.8936522603034973,4.822693824768066,-1.7669808864593506,-1.3496509790420532,1.1699037551879883,-0.273037314414978,-1.743606448173523,1.929803729057312,1.2754473686218262,-1.521664023399353,-1.4170746803283691,1.4591097831726074,0.994232177734375,1.7247352600097656,-1.7767658233642578,1.6378337144851685,1.1821556091308594,3.18508243560791,-1.3895512819290161,2.1353840827941895,0.5446884036064148,-0.5309269428253174,-0.5974556803703308,2.2126760482788086,-0.9558724164962769,1.1795353889465332,0.1823977679014206,0.8631775975227356,-2.5167531967163086,0.10045020282268524,-1.1413801908493042,1.672165870666504,0.92484050989151,1.785902738571167,-0.3357669711112976,0.20951922237873077,-1.089609146118164,2.854215383529663,2.433692216873169,0.3294086456298828,-2.6554853916168213,-0.8279739618301392,-1.5224993228912354,-1.3170775175094604,0.33658650517463684,1.053695559501648,0.1607460379600525,1.3089406490325928,-0.53482586145401,-0.84163898229599,0.9325162172317505,-2.429687976837158,0.3889946937561035,0.05438728258013725,-1.4690914154052734,-1.0785504579544067,0.15019650757312775,3.099546194076538,-0.5473620891571045,2.2468364238739014,2.3699374198913574,0.5620379447937012,-0.7836613655090332,-0.11839409172534943,1.1738226413726807,-3.2447597980499268,0.053360715508461,-0.44557425379753113,-0.6088688969612122,-2.53489089012146,0.7382500171661377,1.2808854579925537,0.5989819765090942,2.0117416381835938,-2.5681464672088623,-1.7362738847732544,2.5216457843780518,2.19092059135437,-1.245194435119629,-0.2364545464515686,-1.9919642210006714,1.3871933221817017,-0.822945773601532,1.161059021949768,-1.5374490022659302,-1.823448896408081,1.0294337272644043,2.5204081535339355,0.36515769362449646,2.3352222442626953,-1.1184492111206055,-0.193112313747406,0.12887032330036163,2.041499614715576
mp-1180066,Ni(IO3)2,3.1121,2.2922165393829346,2.6857097148895264,0.4904450476169586,-1.7677741050720215,1.1716465950012207,0.07279370725154877,-1.7317712306976318,0.5262926816940308,0.7645882964134216,-1.8128342628479004,-3.156336545944214,1.8303560018539429,0.679597020149231,0.6780992150306702,-0.6755890846252441,-1.4643100500106812,0.4497295916080475,0.15471558272838593,-1.3838238716125488,-2.3811445236206055,1.2781188488006592,-0.5558006763458252,0.8517613410949707,-2.079622983932495,1.7155909538269043,-1.5406559705734253,-0.9128787517547607,0.8463719487190247,-1.7799044847488403,-1.4582799673080444,-3.135019063949585,0.7361289858818054,-1.2756353616714478,-0.12522371113300323,-0.34029725193977356,2.3487846851348877,-1.8155955076217651,-0.46930593252182007,-0.05669546127319336,1.3117223978042603,-1.5531625747680664,-0.3157958686351776,0.08854671567678452,-1.6801183223724365,-0.4892134964466095,-0.5892350077629089,0.8429749608039856,-0.8753430843353271,-0.7937933206558228,1.3482294082641602,0.7725276947021484,1.612802505493164,1.1380425691604614,1.7643791437149048,0.02006530947983265,0.6871374249458313,-2.3557300567626953,-1.564178705215454,-1.4318811893463135,0.719078004360199,-2.7775654792785645,0.45661500096321106,-3.406554698944092,0.49510616064071655,-0.7967840433120728,1.1864038705825806,-1.506518006324768,-0.8290811777114868,-0.3155158758163452,0.43598759174346924,0.737827479839325,0.06197603791952133,-0.06304473429918289,3.0956668853759766,0.24692723155021667,0.6490582823753357,-0.47176694869995117,-0.8413624167442322,0.48312991857528687,2.7077102661132812,1.4270554780960083,-1.1026490926742554,2.7446935176849365,0.17270684242248535,-0.8550287485122681,-1.420498251914978,0.07083774358034134,-1.1345787048339844,-0.975134015083313,0.6746041178703308,-1.6444259881973267,2.061908006668091,-0.0075941868126392365,1.2123523950576782,0.34071701765060425,-0.5640748739242554,0.5392943024635315,-1.8866842985153198,-1.2019418478012085,-3.4791147708892822,1.746367335319519,0.7754333019256592,-1.7458051443099976,1.7596625089645386,1.6407407522201538,-0.2710215747356415,0.7977253198623657,-0.29694369435310364,-0.326401948928833,-0.11610376834869385,-0.3312133848667145,0.44555914402008057,-0.9171547889709473,0.5526725053787231,0.5703564882278442,0.7851499319076538,1.9435532093048096,-0.8206888437271118,-1.7511950731277466,2.8889577388763428,-2.6696841716766357,0.5008867383003235,3.311821222305298,-1.5836644172668457,3.20076584815979,-1.0102481842041016,0.31317347288131714,-0.9496901631355286
mp-762590,Mn2(CO3)3,0.32030000000000003,1.9057055711746216,0.6925247311592102,-0.25679394602775574,-1.1514660120010376,-0.39771896600723267,-3.2907607555389404,1.0185586214065552,0.3366546928882599,-0.35706573724746704,0.2056409865617752,1.9596909284591675,-1.0332778692245483,0.7619502544403076,0.9431142807006836,0.751469612121582,1.8740438222885132,-1.5446414947509766,0.3767377436161041,2.7012898921966553,-1.5643812417984009,-1.1873552799224854,-3.343226909637451,-1.4556549787521362,2.419447183609009,-0.8397804498672485,0.01253863051533699,-0.43906092643737793,0.8659860491752625,2.3751816749572754,-0.6775520443916321,0.2568376660346985,1.998754620552063,1.8367527723312378,-0.8075274229049683,0.32451188564300537,-0.2615681290626526,-0.3549429476261139,0.58598393201828,-0.39486005902290344,-0.3828834891319275,-0.10718651115894318,2.146195411682129,-0.44659870862960815,1.8878978490829468,-1.5805940628051758,1.1951576471328735,0.4647843837738037,0.03745041415095329,-0.8900282979011536,-2.0375349521636963,-1.201524019241333,0.8254578113555908,1.0455412864685059,1.701149821281433,-1.4768853187561035,2.475510835647583,1.435902714729309,1.5534913539886475,0.8258522152900696,-2.900047779083252,1.0092546939849854,-0.8112545609474182,-1.2039880752563477,-0.19045525789260864,0.27263447642326355,2.085874080657959,-0.6069841384887695,1.143314003944397,2.3603274822235107,2.7037553787231445,0.5692701935768127,-0.7110809087753296,3.8321218490600586,1.3940945863723755,-0.38842442631721497,1.4650137424468994,1.2167418003082275,-1.229058027267456,-1.8419575691223145,0.8544992208480835,1.4682482481002808,-3.6199235916137695,0.12460188567638397,-1.2103183269500732,0.6131349802017212,-1.485192894935608,0.49636906385421753,1.1373165845870972,-1.1024534702301025,1.2937188148498535,-2.884657859802246,2.047924280166626,-0.8440324068069458,1.181930422782898,1.2268019914627075,-1.9492539167404175,-1.0755836963653564,3.370359420776367,1.1626505851745605,-1.3531852960586548,-0.8064935207366943,-0.6871668696403503,-0.10583826899528503,0.5254350900650024,-0.10815218091011047,0.078584223985672,1.7414157390594482,0.8850748538970947,-1.0637633800506592,-1.2342671155929565,-1.8136804103851318,-1.1189043521881104,-0.02502591907978058,0.714910089969635,-1.081690788269043,1.0875251293182373,-0.10280748456716537,0.9034831523895264,0.8164945840835571,2.7058980464935303,1.5470495223999023,0.5308651328086853,0.9256352782249451,-0.3793967366218567,0.26376262307167053,-0.46999773383140564,1.459199070930481,-0.2903038561344147
mp-706544,NaGa(H2N)4,2.7434,-0.11993475258350372,-0.9375843405723572,1.811295986175537,-0.9203950762748718,0.8554986715316772,-0.09960021078586578,-0.5556089878082275,0.007323716767132282,-1.2065966129302979,-1.0365180969238281,1.1805322170257568,1.6688719987869263,1.5458170175552368,2.44408917427063,-0.5987440347671509,-1.1044286489486694,-0.5466087460517883,0.7248265147209167,1.4587979316711426,0.0953475683927536,-1.4011741876602173,-0.677959144115448,-0.2026977390050888,0.13489866256713867,-0.34556540846824646,-1.3798131942749023,-2.235027551651001,0.9400544762611389,0.3600831627845764,-4.59291410446167,-0.27242156863212585,0.1158246248960495,2.0015194416046143,-1.1688570976257324,-1.3782706260681152,0.8296988606452942,0.2686222493648529,-2.3755764961242676,-1.0657076835632324,0.2683456838130951,-2.4663314819335938,0.5222067832946777,1.6873772144317627,-0.5275155305862427,-3.827152729034424,-0.21418242156505585,0.09337595850229263,-0.5892179012298584,-3.0296459197998047,0.28364595770835876,0.6705629825592041,0.07417810708284378,3.021127223968506,-0.3422028124332428,0.7656146287918091,-0.16658715903759003,0.22806191444396973,2.00061297416687,-0.4456619322299957,-3.2579805850982666,-0.9083215594291687,0.4516814649105072,-1.2202258110046387,1.2880005836486816,-0.039933688938617706,-2.7784342765808105,2.5172677040100098,-0.9811910390853882,-1.3275433778762817,0.7720000147819519,2.391702175140381,-1.2830003499984741,-1.2122421264648438,1.1019175052642822,-1.9155594110488892,3.3953211307525635,1.2243876457214355,-2.855560302734375,-1.4022544622421265,1.0864615440368652,0.379386842250824,-6.463425233960152e-05,1.6392682790756226,-1.843245506286621,1.6748384237289429,-1.2205479145050049,-1.5362223386764526,-0.0044546909630298615,-1.4194130897521973,0.252983957529068,-1.3883037567138672,1.2496289014816284,1.952089548110962,1.9831029176712036,-0.9797413349151611,-2.487340211868286,2.316563606262207,-0.23711968958377838,0.5304182767868042,-0.648975670337677,1.1753395795822144,-1.1430906057357788,0.5705918073654175,-1.2467303276062012,-1.5052943229675293,0.26418596506118774,-0.5136082172393799,-1.7116868495941162,-0.5191220641136169,1.1365745067596436,0.5104681253433228,0.2628345489501953,-0.7297907471656799,-0.05099228024482727,0.01520994771271944,-0.9704127907752991,-0.5704579949378967,0.4774759113788605,-1.4634226560592651,-2.178112268447876,-2.2714192867279053,3.3413901329040527,0.9873719811439514,-1.1292426586151123,0.13384327292442322,0.4663223326206207,1.4126243591308594,0.9632941484451294
mp-1093720,Al2TcRh,0.0015000000000000568,0.8536140322685242,1.1360137462615967,0.6913391351699829,-0.9266781806945801,0.633047342300415,-1.6883678436279297,1.7976338863372803,-1.6843150854110718,-1.775183916091919,1.8116223812103271,-1.2376034259796143,2.8836073875427246,2.2986574172973633,-0.8368090391159058,-2.4321494102478027,2.079129457473755,-2.040818214416504,0.17373177409172058,-1.4215710163116455,-0.7205413579940796,-0.4357735514640808,-2.3571736812591553,1.530500054359436,0.7178019881248474,0.3051352798938751,-0.7285234928131104,-0.6402665376663208,1.2405143976211548,-0.6978707909584045,-1.2277776002883911,-2.187182903289795,-0.5739023089408875,1.3517564535140991,2.7945985794067383,-1.964188575744629,0.7580008506774902,-2.1342363357543945,-1.3929425477981567,-0.7519255876541138,0.24730879068374634,2.219766855239868,-1.7100958824157715,1.0868204832077026,0.8846278786659241,0.5887902975082397,-3.412494421005249,1.3546544313430786,0.21218927204608917,2.832900047302246,-0.03271816298365593,1.3395161628723145,2.1330339908599854,1.1971238851547241,3.8384716510772705,-1.6967135667800903,1.2117680311203003,0.8679873943328857,-0.10030871629714966,-0.3972652852535248,-1.2992806434631348,-0.4176924526691437,-0.8036364912986755,0.6418789029121399,1.7033789157867432,-1.2480933666229248,-2.452244520187378,3.404219627380371,-3.0793843269348145,1.8292958736419678,2.712031602859497,2.648552179336548,0.5072077512741089,1.3624274730682373,-1.5038999319076538,0.21317625045776367,-0.6795094013214111,1.0641226768493652,-4.583405494689941,0.44803231954574585,-0.4599016308784485,1.3494203090667725,1.4558947086334229,1.1740080118179321,0.5154255628585815,0.921776294708252,-2.0196690559387207,0.4957311153411865,-0.6274600625038147,0.8492032289505005,-1.8136954307556152,-0.7308307886123657,-0.6194697022438049,-0.6047887802124023,1.7367676496505737,0.37731000781059265,0.07285677641630173,-0.4279322326183319,1.4847747087478638,0.08391967415809631,-0.7757550477981567,0.39654967188835144,-1.044290542602539,-0.7960740327835083,0.4190078377723694,0.5315249562263489,0.32306724786758423,0.6060829162597656,0.20128010213375092,-0.19965174794197083,-1.2940877676010132,-0.7504808902740479,-1.6790854930877686,-0.5301557779312134,-1.3514379262924194,-0.3729182183742523,-0.5841848850250244,-0.4470459222793579,0.35957327485084534,1.1537065505981445,-1.6707605123519897,-0.35209572315216064,0.8583990335464478,1.593334436416626,-2.644465923309326,2.365077257156372,-1.2050981521606445,-0.5830916166305542,0.9102779030799866
mp-758825,LiFeSiO4,2.9798,0.4425312280654907,-1.403705358505249,-0.005615347996354103,-0.6029490232467651,0.9916915893554688,2.073884963989258,-1.9346064329147339,-0.819135308265686,0.4282270669937134,-2.825247049331665,-1.5085818767547607,-0.7632511258125305,-1.0391020774841309,1.0173795223236084,-0.637170672416687,0.12969419360160828,-2.291872024536133,1.8864673376083374,-0.0887552946805954,-1.6794830560684204,-0.9756297469139099,-2.8627424240112305,-1.7658534049987793,0.29919320344924927,0.42229369282722473,-1.2775386571884155,-0.28440192341804504,0.6933663487434387,-1.0942996740341187,-0.34543275833129883,0.1365899294614792,-1.2519081830978394,1.7132683992385864,3.4975340366363525,-0.769388735294342,1.7863932847976685,0.23250503838062286,-1.5272101163864136,0.3828907608985901,-0.15584595501422882,-0.7565261125564575,0.8462239503860474,0.3424954116344452,-1.3456830978393555,-2.379821300506592,1.437268853187561,0.7732720375061035,-0.3375968337059021,-2.0284340381622314,-0.970184326171875,0.7127079963684082,-0.49225670099258423,-0.6414847373962402,0.4550239145755768,-1.198283076286316,-1.3849126100540161,-0.6158530116081238,-0.8603076338768005,-0.7276375889778137,-0.13796702027320862,-0.07452148199081421,0.43742749094963074,-1.904331922531128,0.18490520119667053,-1.1215417385101318,0.8886184096336365,0.6384092569351196,-0.7398419380187988,0.1389327347278595,3.4496989250183105,0.7056792974472046,-0.8016064167022705,1.4335194826126099,-0.029964253306388855,2.008331060409546,0.03349877893924713,1.1904489994049072,-3.5021677017211914,1.3500888347625732,1.3430805206298828,1.6257905960083008,0.6791611313819885,0.3528043031692505,-1.5270178318023682,-0.42635124921798706,-1.5511407852172852,0.5602312088012695,-1.4496846199035645,-2.364795684814453,-0.5696387887001038,0.3480857014656067,0.6289287805557251,-1.14940345287323,-0.48226118087768555,0.9546648263931274,-1.6434926986694336,-0.20458056032657623,2.889512538909912,0.7922263145446777,-2.5592947006225586,-0.5675256848335266,-0.42319899797439575,-0.7115044593811035,-1.9725884199142456,-2.011134147644043,1.2808611392974854,-0.3348046541213989,-1.979609727859497,-1.0255494117736816,-1.9636242389678955,1.0924830436706543,0.7014435529708862,-0.6571817994117737,-0.7400385141372681,1.53296959400177,-1.1990032196044922,-1.1170018911361694,0.5605849623680115,-0.7543525695800781,-1.8781213760375977,-1.6262415647506714,1.5881338119506836,-0.5457987189292908,2.125523567199707,-1.0886731147766113,-2.424712657928467,0.43919622898101807,-0.15385952591896057
mp-1213744,CrCu(WO4)2,0.4440999999999997,-0.12759654223918915,-0.6769586205482483,0.013629382476210594,-1.161232590675354,1.2865262031555176,-0.21948088705539703,-2.1023757457733154,-1.4283926486968994,-0.34073829650878906,2.837596893310547,-0.6982475519180298,-0.06297682225704193,-0.9981944561004639,1.5943529605865479,0.7873438596725464,-1.349782943725586,-0.6609863638877869,-1.8159531354904175,-0.08720383048057556,0.22322769463062286,0.9600760340690613,-0.23560966551303864,-2.3288187980651855,1.2146936655044556,2.67515230178833,-0.6145416498184204,0.2926071286201477,0.20701900124549866,0.037088848650455475,-1.1122204065322876,-0.30923932790756226,-0.9830088019371033,1.0852082967758179,-1.973505973815918,-0.6671902537345886,0.4971573054790497,-2.5948662757873535,0.11658128350973129,-0.4602651298046112,-1.220545768737793,-1.196927785873413,0.8342334032058716,0.7732383012771606,-1.8512988090515137,-0.7963717579841614,-1.0376510620117188,0.8174459338188171,-0.7278628945350647,-0.8219375014305115,0.5692519545555115,-0.05686842277646065,0.38366907835006714,1.0157884359359741,1.3820319175720215,-0.9768890142440796,-0.06305044144392014,-0.038013748824596405,-1.080686092376709,0.7589496374130249,-3.0844650268554688,-1.9633426666259766,1.616073489189148,-2.81573748588562,0.0933116003870964,-1.9533005952835083,-0.16353335976600647,1.0720088481903076,-1.0582555532455444,0.4038164019584656,1.4361724853515625,1.3554373979568481,-0.18373006582260132,1.818413496017456,-0.859033465385437,0.33342859148979187,1.577952265739441,2.2510507106781006,-0.36245396733283997,-2.053102731704712,2.496074914932251,0.6204013228416443,-4.080924987792969,1.2309695482254028,-0.4221416115760803,-0.17950911819934845,-1.033126711845398,-2.0580480098724365,1.3653147220611572,-1.7320510149002075,1.7213897705078125,-2.2965540885925293,0.6795656085014343,2.4633994102478027,-0.24508662521839142,-0.06860096007585526,-1.5431352853775024,-0.7656506896018982,-0.08257661014795303,1.7544888257980347,-2.170334577560425,0.9435993432998657,-0.11212113499641418,-0.6429430842399597,1.7898682355880737,-1.9546446800231934,-1.8614206314086914,0.24583187699317932,-0.5940935015678406,0.16674023866653442,-0.7046884298324585,-0.8720470666885376,-0.8091562986373901,-0.7122374176979065,3.2262206077575684,1.1129722595214844,-0.8516288995742798,-1.1491594314575195,-0.006957489065825939,-0.8245530128479004,3.6583616733551025,0.3419875502586365,2.243004083633423,2.365774393081665,-2.9607388973236084,-0.5253064632415771,-2.5223381519317627,0.5444859862327576,1.4882299900054932
mvc-16010,YFeF5,4.0198,-0.8637053966522217,0.3923456072807312,1.0260014533996582,-2.686202049255371,0.7209769487380981,2.3333873748779297,-1.0129708051681519,-0.05523906275629997,-0.2286713719367981,0.5765277743339539,-3.9932429790496826,0.36788782477378845,0.592261552810669,0.09801921248435974,-0.3519376516342163,-0.6220940351486206,-0.881624162197113,1.036617636680603,-1.117316722869873,-3.779808521270752,-1.6802443265914917,-1.9419677257537842,-1.9628733396530151,-0.6146708726882935,-0.2545446753501892,-2.5668413639068604,-1.0582457780838013,1.7662650346755981,-1.0282158851623535,-0.4330900311470032,-1.2631559371948242,0.34936606884002686,1.4868801832199097,2.0366945266723633,0.8745202422142029,-0.6683234572410583,-1.4385948181152344,-1.5351964235305786,-0.4648876190185547,-1.1793272495269775,-1.308328628540039,0.7921985387802124,1.0940253734588623,-2.748927116394043,-1.401070475578308,0.28437843918800354,0.8823833465576172,0.608821451663971,-1.1614421606063843,-0.11203891783952713,0.3060102164745331,0.9700306057929993,-0.9596642851829529,0.6096179485321045,-0.030559418722987175,0.28954702615737915,0.5469748973846436,-0.7999430894851685,-1.4513036012649536,0.023082764819264412,-1.1216762065887451,-0.06389366090297699,-0.9755257368087769,0.5603757500648499,-0.3057139217853546,1.8459516763687134,-2.674050807952881,-0.9874988794326782,2.670945405960083,1.62445867061615,1.1766185760498047,0.24049627780914307,0.6981449723243713,-1.0183987617492676,0.28529757261276245,0.7285751104354858,0.6252604722976685,-1.9975175857543945,1.2645502090454102,1.5254119634628296,1.6056185960769653,-0.7111984491348267,1.0405128002166748,-2.5198519229888916,-1.5890752077102661,-3.019200563430786,0.3195551633834839,-0.40357017517089844,-1.259680151939392,-0.5988183617591858,-0.011834405362606049,2.902780532836914,-2.273400068283081,3.06622314453125,0.4205304980278015,-0.6501196026802063,0.7105715870857239,-0.5745503902435303,0.8604065179824829,0.2933765649795532,-0.35766109824180603,0.8120197653770447,-0.1932227611541748,-0.5716834664344788,-0.46399420499801636,-1.1730483770370483,-0.7319989204406738,-1.0645806789398193,-2.727525472640991,1.0589017868041992,-0.5752885341644287,2.068829298019409,-2.9315154552459717,-1.464237093925476,0.9885988235473633,-0.03356827422976494,1.1950279474258423,2.237306594848633,-0.39077669382095337,-1.1545894145965576,-1.3942842483520508,0.28384387493133545,0.27187347412109375,3.0049259662628174,0.5549215078353882,-2.159891128540039,-0.1836830973625183,0.28590452671051025
mp-744843,Mo2AsH18C6NO12,2.7111,0.5042914748191833,1.8895699977874756,0.34598416090011597,-0.05963787063956261,-0.3291482627391815,-0.6595517992973328,0.02468906342983246,-1.6375751495361328,-0.2957950830459595,1.1648732423782349,2.481018304824829,-0.3290332853794098,1.8415428400039673,-1.983896255493164,-0.44583815336227417,0.3682670593261719,1.2856016159057617,-1.0475012063980103,-2.3330016136169434,-0.6392965316772461,-0.015046465210616589,0.39890384674072266,0.21600432693958282,-0.7786645293235779,0.4711821973323822,-0.9223928451538086,-2.3143150806427,1.532851219177246,-0.2259366512298584,-0.17998501658439636,-2.4186289310455322,0.9443973302841187,0.17457576096057892,-2.4835994243621826,-0.9581084847450256,2.073218584060669,-0.6317452192306519,-1.2130752801895142,-1.4857687950134277,-2.2381625175476074,-0.8168439865112305,-1.34304940700531,-1.7124816179275513,-0.9666321873664856,-1.2895876169204712,-2.033087730407715,0.2664509415626526,0.30064234137535095,1.0324878692626953,0.050461601465940475,4.196606636047363,1.1421762704849243,2.3337974548339844,2.560915946960449,-0.7217673063278198,-0.8407944440841675,1.0930736064910889,-0.307304322719574,-1.2228193283081055,0.8620373606681824,-0.39048880338668823,-1.860813021659851,0.15458500385284424,0.38385772705078125,0.462114542722702,-1.6322940587997437,-0.5786266922950745,-1.5369365215301514,1.5022996664047241,2.445070743560791,0.4098965525627136,2.090066909790039,0.1302165538072586,-1.2213342189788818,0.746505618095398,-1.044525384902954,1.0409573316574097,-1.0873892307281494,-1.33987295627594,-1.9899030923843384,-0.6324695348739624,-1.0848993062973022,3.7627274990081787,-2.072185516357422,3.62004017829895,-0.06446519494056702,0.7948864698410034,-2.625178575515747,-1.7892330884933472,0.5015323162078857,-0.7251033186912537,1.963807225227356,0.19744594395160675,1.2055847644805908,1.1095882654190063,-2.22786283493042,0.5405351519584656,-0.10560233145952225,0.003491457551717758,-1.4337793588638306,-1.083583950996399,-1.8532582521438599,-1.7477614879608154,0.5300146341323853,-1.5923470258712769,0.760352373123169,1.7097368240356445,-0.4667752683162689,-0.052463382482528687,-2.422595500946045,1.8769927024841309,-0.23105855286121368,2.067753791809082,-3.5638723373413086,-0.08494086563587189,2.4718215465545654,-1.030248761177063,2.5371837615966797,-0.1659819483757019,-2.8686444759368896,0.8444644212722778,2.7427525520324707,3.3441195487976074,-2.1055448055267334,-1.1872514486312866,-1.0567221641540527,1.8883366584777832,-0.5182414650917053
mp-1215926,Zr2P2SO12,4.2159,-2.5912699699401855,3.2662887573242188,0.05810857564210892,-0.7069841027259827,-0.04514219984412193,-2.5624775886535645,0.4421318471431732,-2.402757406234741,-0.46507883071899414,2.094998836517334,-1.8408783674240112,-0.0544753260910511,3.035855531692505,1.3641390800476074,-0.06229057163000107,0.019605621695518494,-0.27182289958000183,0.5683459639549255,-1.106947660446167,-1.2873109579086304,0.26747220754623413,-1.0290371179580688,-3.6000263690948486,-0.534899890422821,0.5082654356956482,-0.8069040775299072,1.1527050733566284,3.2790262699127197,0.4552280604839325,-0.17945337295532227,-1.7570134401321411,1.4984310865402222,-0.46095162630081177,-2.2704756259918213,0.8334448933601379,2.436365842819214,1.1651012897491455,-0.5668742656707764,1.6067965030670166,-1.360763430595398,-0.878548264503479,-0.6843661665916443,1.5868020057678223,-1.0666741132736206,1.8179455995559692,-0.35752803087234497,0.01057163905352354,1.6296966075897217,-1.2906947135925293,-1.5581951141357422,0.6430832147598267,0.3779987692832947,-1.583425521850586,0.4193098843097687,-0.4240609407424927,-0.8304334878921509,-1.0272486209869385,-0.3752315640449524,-0.5509464144706726,1.7295403480529785,-0.7602713108062744,0.3575800359249115,1.6851322650909424,-0.9246038794517517,-2.0588502883911133,-0.6624277234077454,0.4338700771331787,1.9339314699172974,0.3957762122154236,1.1698379516601562,0.9378875494003296,2.1479830741882324,2.001896381378174,0.03580556809902191,0.20298483967781067,-0.0875653326511383,-0.35080575942993164,-0.21116755902767181,-1.0112799406051636,-1.2901382446289062,-1.4456857442855835,3.7013957500457764,2.488856554031372,-0.034221358597278595,1.6605850458145142,-1.3895859718322754,-1.435839295387268,-2.382100820541382,-2.243255615234375,-0.7038304805755615,0.7033502459526062,-0.35239070653915405,-0.19727754592895508,0.9515926241874695,1.2335584163665771,-2.0109686851501465,0.4804517924785614,0.8731982111930847,-0.4571443796157837,-3.4090754985809326,0.03320600092411041,-0.14347071945667267,0.7340056896209717,-0.9057735800743103,0.5471988320350647,1.598048210144043,1.630010962486267,-0.7880526185035706,-2.668653726577759,-1.966036319732666,0.8395886421203613,1.4304418563842773,0.9457584619522095,-1.6911894083023071,-0.5161551833152771,-0.07199693471193314,-0.8481037020683289,1.8045285940170288,-0.4276140332221985,-1.9469783306121826,-0.416104793548584,0.7637351751327515,3.216752529144287,0.14170904457569122,-1.2105695009231567,-0.9409536123275757,2.6265058517456055,1.708328366279602
mvc-8034,V3Zn2O8,1.3763999999999998,2.9058735370635986,1.394681692123413,1.486820936203003,-2.250469207763672,1.5783960819244385,-1.2087959051132202,-1.9327731132507324,0.8340907096862793,0.7587090134620667,2.8255362510681152,-0.6507592797279358,-2.1029622554779053,-0.7245984077453613,3.8001112937927246,2.0054402351379395,1.6395491361618042,-0.8424844145774841,-1.3589551448822021,0.6059315800666809,-0.8982923626899719,0.030323270708322525,-1.1685550212860107,-2.137094736099243,0.07598023116588593,1.336202621459961,-0.4551013112068176,0.2801743745803833,-0.1367962509393692,0.17109426856040955,-2.3014774322509766,0.8909116387367249,-1.6727479696273804,2.42868709564209,-2.609466314315796,-0.3201633095741272,2.9212534427642822,-1.3157416582107544,0.4405919909477234,-1.7276793718338013,-0.7017110586166382,-2.3167405128479004,1.825300931930542,-0.4613375663757324,1.8188340663909912,-1.0502310991287231,0.012981930747628212,2.111694097518921,-0.15613824129104614,0.4900226891040802,-1.5309172868728638,-0.5163238048553467,1.9243348836898804,2.510666847229004,0.19214607775211334,-0.6504855751991272,0.830773115158081,0.5064384937286377,0.6175886988639832,0.6381201148033142,-1.605766773223877,-2.117016553878784,-0.5628067851066589,-1.6426044702529907,-0.5259106159210205,0.14759036898612976,-0.5324923396110535,1.8238919973373413,-0.051202476024627686,0.9406791925430298,2.122495651245117,-0.891975998878479,0.20226991176605225,0.8784085512161255,0.1922953873872757,-0.2934863865375519,3.089325189590454,0.8267562389373779,-0.8941455483436584,0.3747098445892334,0.11733107268810272,-0.4624146819114685,-0.11832108348608017,1.6428948640823364,-0.676348090171814,-1.1924690008163452,-0.8752977848052979,-0.1218642070889473,1.8610635995864868,-0.46454256772994995,1.3745148181915283,-1.0891128778457642,-0.39762750267982483,1.0242977142333984,0.5036132335662842,-0.6299076080322266,-1.5981088876724243,0.9125160574913025,2.730250597000122,0.5624142289161682,1.434719443321228,0.5247264504432678,0.00047287438064813614,-0.47493746876716614,-0.7837117910385132,1.0489134788513184,-1.4793729782104492,1.8714007139205933,0.13082759082317352,-0.10449598729610443,1.816409945487976,-1.0060678720474243,-1.0735410451889038,-3.941662073135376,3.3214831352233887,-1.362963318824768,-1.1060134172439575,-1.057734489440918,3.142590284347534,-1.0475598573684692,2.246483564376831,1.5089471340179443,1.1505697965621948,0.5701846480369568,-3.43465518951416,-0.25355014204978943,-2.447948455810547,0.13509947061538696,0.457073837518692
mp-13983,ZnPdF6,1.5971000000000002,-1.0467637777328491,1.7702035903930664,1.1128898859024048,-3.208329677581787,1.0389866828918457,2.3979690074920654,0.13990072906017303,-0.7910425662994385,-1.161580204963684,2.8625402450561523,-2.5487279891967773,-0.12793312966823578,1.062988042831421,0.4401118755340576,1.0997918844223022,-1.9498603343963623,-0.6038728356361389,-1.4058243036270142,-1.1750869750976562,-1.7961081266403198,-1.0554243326187134,-1.714990258216858,-0.5587500929832458,-0.17968642711639404,2.1847336292266846,-2.209944486618042,-1.186448574066162,1.566670298576355,-0.15515926480293274,-0.7107800841331482,-0.5193070769309998,-1.0227973461151123,1.1663767099380493,0.40882715582847595,-0.09842275083065033,0.9805564880371094,-1.9659674167633057,-0.9990425705909729,-0.8968373537063599,0.005379442125558853,-1.6583483219146729,1.066719889640808,0.48032933473587036,-1.7601521015167236,-0.48334410786628723,-2.4495770931243896,0.7006727457046509,0.4645906984806061,0.33963853120803833,0.5169951915740967,0.14007660746574402,0.6245753169059753,1.4734503030776978,2.1259233951568604,0.5818341374397278,0.3575966954231262,-0.9594374895095825,-1.8517181873321533,-1.8283827304840088,-1.7331383228302002,-2.8265068531036377,0.11055383086204529,-1.2212847471237183,-1.892958164215088,-0.3913358151912689,-0.7919262051582336,0.4413841962814331,-2.2970738410949707,1.8297713994979858,0.3788902759552002,1.7627198696136475,-0.011057443916797638,0.13428102433681488,2.206352472305298,-0.49075648188591003,3.12882137298584,1.3050376176834106,-0.07181894779205322,-0.15723413228988647,2.3733859062194824,0.3661782145500183,-1.4843695163726807,1.2903908491134644,-2.7957406044006348,-1.0907021760940552,-3.8830325603485107,0.20511461794376373,0.07103519141674042,-0.9447137117385864,0.842448890209198,-1.2448132038116455,1.9666630029678345,0.3664422631263733,0.8703598380088806,-0.7725156545639038,0.1750624179840088,1.3103742599487305,-2.6664187908172607,1.1404926776885986,0.04171694070100784,-0.446851521730423,1.1565110683441162,-1.274817943572998,-0.7745710611343384,2.3090102672576904,-2.1106326580047607,0.01867860183119774,-1.6308587789535522,-2.310082197189331,1.3840007781982422,0.014556928537786007,0.9201842546463013,-3.591796398162842,0.10981357842683792,0.7239357829093933,0.5256468653678894,-1.0263866186141968,2.10522723197937,0.10372679680585861,-1.0788966417312622,-0.740814745426178,0.8688264489173889,1.1061094999313354,1.2471128702163696,0.8372289538383484,-1.7239906787872314,-0.23934116959571838,-0.7643589377403259
mvc-2829,Ta2Zn2WO8,0.5152000000000001,0.0675816684961319,-0.8933752179145813,1.2722126245498657,-0.16004592180252075,3.4791526794433594,0.6214120984077454,-1.658971905708313,-3.29388689994812,-0.43597570061683655,1.9937888383865356,-0.4144584834575653,0.2655945420265198,0.22097653150558472,3.224456548690796,1.7658659219741821,-1.9091438055038452,0.02260906994342804,-1.4918142557144165,0.6584159731864929,0.3318370580673218,-1.214652419090271,-0.08143282681703568,-0.954710841178894,-1.7005219459533691,1.2561774253845215,-1.9258393049240112,1.1841115951538086,0.8759415745735168,-0.16581565141677856,-1.5047210454940796,-0.07126526534557343,-1.660293698310852,0.44833409786224365,-2.6444146633148193,-1.258884072303772,1.8405230045318604,-0.368963360786438,-0.5130500793457031,0.4200595021247864,-2.1867759227752686,0.33651283383369446,1.8880068063735962,-0.9147238731384277,1.1468274593353271,-0.864495575428009,-1.524030327796936,0.6705110669136047,0.7137659788131714,1.4657185077667236,-0.9238346815109253,-0.7931351065635681,0.985242486000061,1.3691333532333374,-1.8644778728485107,-2.1704206466674805,0.1705707460641861,0.6401351094245911,-1.0822293758392334,0.9254021644592285,-3.2616610527038574,-1.9353034496307373,2.0694689750671387,-1.547829270362854,0.6956029534339905,-0.6684863567352295,0.03994351997971535,1.2905231714248657,-0.6306959390640259,1.4676531553268433,0.4171941578388214,1.618512511253357,0.688217282295227,2.409325361251831,-2.6629581451416016,3.4883384704589844,0.021399637684226036,3.443704128265381,0.48996517062187195,-0.8395184874534607,1.4794564247131348,0.16614894568920135,-2.812288999557495,0.7688409686088562,0.016301026567816734,-2.4547507762908936,-0.1432030200958252,-2.2053470611572266,2.9074487686157227,0.37058329582214355,0.9897199869155884,-1.0149319171905518,0.11665590107440948,1.6313278675079346,0.726550817489624,0.013114799745380878,-1.340051293373108,0.12104179710149765,-1.1909191608428955,1.6383434534072876,-1.1734952926635742,1.660388469696045,-1.447776436805725,0.5446589589118958,1.3930323123931885,-0.3471177816390991,-0.9323933124542236,-0.11741071939468384,-1.8253364562988281,0.8495015501976013,0.3914370834827423,-0.19777227938175201,-1.2116540670394897,-1.2835824489593506,4.588160514831543,0.24059009552001953,-0.6394574046134949,-3.1574642658233643,2.3892457485198975,-2.1608448028564453,3.0976760387420654,0.6405726671218872,2.769375801086426,1.5871987342834473,-1.5041556358337402,-1.7198352813720703,-0.6826157569885254,0.46835029125213623,2.7314400672912598
mp-5652,Y2Si2O7,4.8039999999999985,-0.269114226102829,1.424452781677246,0.31339383125305176,-1.122506856918335,1.4131019115447998,-2.144737720489502,-0.4894648492336273,-1.18799889087677,-2.2968060970306396,2.0198779106140137,-2.7677266597747803,0.3530181348323822,2.201374053955078,1.7930113077163696,0.7762981653213501,1.061964988708496,-1.6076931953430176,0.3175615072250366,-1.964015245437622,-0.07125036418437958,-0.18489094078540802,-1.5501842498779297,-2.3972206115722656,-2.1464476585388184,0.1664583384990692,-1.9981725215911865,0.3696986138820648,2.692877769470215,-0.03701856732368469,-1.0549522638320923,-0.7423128485679626,-0.8941974639892578,0.6426063776016235,0.6213464736938477,0.7596178650856018,1.6789427995681763,-0.5573776364326477,-0.8426307439804077,-0.03195580840110779,-0.780199408531189,-1.3450225591659546,-0.008342726156115532,1.9100475311279297,-1.0779500007629395,1.3127689361572266,0.42074206471443176,0.6047462224960327,1.8176404237747192,0.11756842583417892,0.28637343645095825,-1.1627594232559204,0.6668562293052673,0.44683265686035156,1.113907814025879,-1.192326545715332,1.2949761152267456,-0.8581089973449707,-1.32852041721344,0.4670252203941345,1.0498206615447998,-0.12119299173355103,0.890619695186615,-0.49168476462364197,1.559866189956665,-1.0216971635818481,0.21098455786705017,0.6008783578872681,-1.1807911396026611,1.1980139017105103,1.804680347442627,0.38764649629592896,0.3148559331893921,1.3773926496505737,-0.2879728674888611,-0.516876220703125,1.040210485458374,1.3046643733978271,-0.5878458619117737,0.270582377910614,1.6803027391433716,-0.6995401382446289,0.5491477847099304,1.3211084604263306,0.22812265157699585,-0.8067643642425537,-2.5252113342285156,-0.546772837638855,-0.14709264039993286,-0.8717451095581055,-0.0976656973361969,0.4076245427131653,-0.2880924344062805,-0.022847939282655716,0.48646533489227295,-0.5712541341781616,0.19926831126213074,0.6029268503189087,0.6257746815681458,2.5498955249786377,-0.9135212302207947,0.3906536400318146,0.16650435328483582,-0.9995289444923401,1.6808196306228638,0.7163040041923523,1.7430667877197266,2.0915021896362305,-0.592278778553009,-3.377333879470825,-0.28018128871917725,-1.8632731437683105,0.04817872866988182,-2.1118924617767334,-0.2523203492164612,-0.0759357362985611,-1.0493577718734741,-0.43546062707901,0.47975727915763855,-0.2235671579837799,0.4395573139190674,0.5744805335998535,-0.010917960666120052,3.0652294158935547,-0.08868184685707092,-0.05650695040822029,-0.31481003761291504,0.3717365264892578,-0.8010804653167725
mp-37108,Sr(NdS2)2,2.1032,2.480290412902832,-0.15484973788261414,1.5578678846359253,-0.8061138987541199,0.9199237823486328,-1.8448220491409302,-1.927074670791626,-0.42407259345054626,-1.3801592588424683,1.3477243185043335,-0.8692943453788757,0.7538037300109863,1.1836256980895996,3.1037166118621826,0.16765891015529633,-1.6654672622680664,-1.5139843225479126,2.1164071559906006,-1.7697008848190308,-0.4480006992816925,0.16975560784339905,0.37347161769866943,0.8867312073707581,0.2959190607070923,1.288264274597168,1.0614267587661743,-2.0392067432403564,0.3625829219818115,0.07207613438367844,1.720861792564392,0.4327631890773773,-0.14532127976417542,1.2451127767562866,-2.919325113296509,-0.8538733124732971,-1.1883678436279297,-1.046101450920105,-0.3516724109649658,-0.9174275398254395,-1.3793827295303345,0.1680978238582611,-0.5513033866882324,0.8282143473625183,-1.8747385740280151,-0.3994203507900238,0.12882813811302185,-0.40757083892822266,1.5453237295150757,-1.0486935377120972,-1.9866955280303955,-0.09174051880836487,-1.2475212812423706,-1.7657124996185303,-0.7732078433036804,-0.265399694442749,0.21106097102165222,-0.11628330498933792,-2.0865652561187744,-0.1438642293214798,-0.8620678186416626,1.675838589668274,-1.7356377840042114,-0.7221231460571289,1.9647725820541382,-1.5374901294708252,-0.3031502068042755,-0.3534478545188904,2.566420555114746,-1.8257557153701782,-0.0051658544689416885,-1.477431058883667,-0.03113619238138199,1.8624978065490723,-0.4343811273574829,2.038222551345825,0.41435304284095764,-1.5598869323730469,-1.6220297813415527,3.4906985759735107,0.1612301915884018,1.919046401977539,-0.20677992701530457,1.334477186203003,0.4229860305786133,3.028404474258423,-3.5358266830444336,-1.1948050260543823,-0.9482740759849548,-0.7928357720375061,-0.07632757723331451,-0.5237207412719727,1.0219435691833496,1.3517862558364868,1.4650532007217407,-0.5389729738235474,1.2112205028533936,0.42999210953712463,0.6520845890045166,1.5652778148651123,1.1500651836395264,0.19115574657917023,-0.013767450116574764,-2.8330721855163574,1.8294614553451538,1.5768373012542725,0.6458096504211426,1.3727349042892456,-0.05738713964819908,-1.613953709602356,0.1643596887588501,-0.730866551399231,0.8125890493392944,-2.691045045852661,0.018977977335453033,3.2899563312530518,1.8762760162353516,0.1603967845439911,0.15472368896007538,-2.1645665168762207,-2.057511568069458,-1.032741665840149,-0.7598870992660522,0.3901190757751465,-0.5817679166793823,-0.7280494570732117,0.2725047171115875,2.722515344619751,0.007034332491457462
mp-669331,Ca3Y2(GeO4)3,3.2592,-1.5853363275527954,0.6764679551124573,1.1677649021148682,0.9506908059120178,1.0427157878875732,-4.186549186706543,-0.8872630000114441,-0.06722370535135269,-1.8923776149749756,0.28709709644317627,-3.216435670852661,0.09009864926338196,1.2046595811843872,0.7801239490509033,0.5423402786254883,0.7867509722709656,-0.8335065245628357,0.7689586281776428,0.703562319278717,-0.8731404542922974,-2.4863600730895996,-1.6369802951812744,0.5661969780921936,-0.8386237621307373,-0.29649457335472107,-1.4105075597763062,-2.396401882171631,0.8210108876228333,-0.8225913643836975,-1.214048981666565,-1.0160562992095947,1.9777016639709473,2.1328656673431396,-1.5957890748977661,1.6846553087234497,1.9303656816482544,1.6359978914260864,0.7574697732925415,1.254675030708313,-1.0798091888427734,-1.3058418035507202,-0.8166269659996033,0.3433515727519989,-0.8093240261077881,0.5151468515396118,-0.3844418525695801,0.7109348177909851,1.4689441919326782,0.21206480264663696,-0.5880856513977051,1.1012544631958008,0.20280034840106964,-1.3301740884780884,0.9721102118492126,0.6225101947784424,-0.4062327444553375,-0.7386053800582886,-1.9817893505096436,-0.4061882197856903,1.6875779628753662,-1.0621575117111206,0.06693513691425323,3.195096969604492,1.102157473564148,-1.5666131973266602,-0.6293859481811523,-1.4177253246307373,-0.752044677734375,3.0765554904937744,0.9494372010231018,0.7433458566665649,0.8104261159896851,-0.23950348794460297,-0.9198107719421387,1.8341678380966187,-0.2610701620578766,0.5152865648269653,0.1436828076839447,-1.1641567945480347,0.014874360524117947,-0.5619860291481018,1.4317072629928589,1.7560280561447144,0.758037805557251,0.07995590567588806,0.7266309261322021,-0.1038547232747078,-0.5386809706687927,-0.20435725152492523,0.12357290089130402,-1.3957934379577637,2.2014260292053223,0.3596300482749939,2.216050624847412,0.41810381412506104,-3.666801929473877,2.538158416748047,1.33539879322052,-1.077538251876831,-0.10381919890642166,-1.2109553813934326,-0.4768854081630707,-1.4256831407546997,3.0087478160858154,-0.4614573121070862,0.10877709090709686,0.31501513719558716,-2.5004968643188477,-1.7697839736938477,-0.7294360995292664,1.4491041898727417,0.5367763638496399,-0.7814701795578003,-1.5194538831710815,-0.5178948640823364,-0.9267467856407166,-1.048200011253357,0.4091329276561737,1.6050409078598022,-1.6287264823913574,0.5128172636032104,-0.22253650426864624,1.595123052597046,-0.3992893695831299,-1.5262383222579956,-0.4404362738132477,2.5792784690856934,0.9836126565933228
